labels,value
Energy,49.57142857142857
Danceability,54.07142857142857
Loudness,6.642857142857143
Acousticness,53.642857142857146
Speechiness,3.642857142857143
Beats Per Minute,110.64285714285714
